,origin,originnode_drive,max_walking,walk_speed,stops_orgn,stops_orgn_walking_distance,seed_location,reqid
"0,""[51.16705178803917, 4.387763873615376]"",252026149,1200,1.38889,""[4, 5, 34, 35, 37, 38, 40, 41, 42, 43, 44, 45, 46, 47, 48, 50, 51, 54, 55]"",""[779, 164, 1101, 1173, 994, 1084, 315, 448, 175, 443, 421, 0, 823, 410, 912, 1172, 1003, 1064, 1043]"",1232,0"
"1,""[51.177402795818004, 4.371952122721224]"",306484514,1200,1.38889,""[5, 51, 52, 53, 54, 55]"",""[1187, 427, 598, 715, 281, 215]"",2359,1"
"2,""[51.21456321887961, 4.43715086688882]"",248016650,1200,1.38889,[7],[1176],3463,2"
"3,""[51.22223418594609, 4.433552655358261]"",42393989,1200,1.38889,[7],[1038],4544,3"
"4,""[51.133181813978375, 4.343873072349895]"",253514070,1200,1.38889,""[21, 22, 23]"",""[1136, 1110, 984]"",5684,4"
"5,""[51.11774163566498, 4.350451705587114]"",262194054,1200,1.38889,""[12, 17, 18, 19, 20, 21]"",""[841, 1141, 775, 753, 1090, 946]"",6771,5"
"6,""[51.140794176923144, 4.3946071083921545]"",1485881385,1200,1.38889,""[24, 25, 26, 27, 28, 29, 30, 31, 36]"",""[870, 393, 442, 877, 954, 462, 575, 693, 1165]"",7893,6"
"7,""[51.134524050976005, 4.360367321861953]"",1156632199,1200,1.38889,[17],[1091],8994,7"
"8,""[51.11372724679167, 4.358904618100703]"",2441439845,1200,1.38889,""[1, 9, 12, 16]"",""[723, 1165, 680, 1051]"",10099,8"
"9,""[51.12671602978405, 4.3508759711350065]"",247683453,1200,1.38889,""[16, 17, 18, 19, 20, 21, 22, 23]"",""[1111, 302, 267, 535, 749, 605, 936, 1063]"",11214,9"
"10,""[51.22075255755111, 4.405946747159086]"",221615465,1200,1.38889,[7],[574],12336,10"
"11,""[51.14580067857126, 4.393584200211452]"",34671979,1200,1.38889,""[25, 26, 29, 30, 31, 32, 33, 34, 35, 36, 38, 39]"",""[718, 767, 871, 824, 405, 914, 942, 934, 865, 652, 859, 701]"",13441,11"
"12,""[51.11027549880665, 4.314609184136237]"",298709273,1200,1.38889,""[8, 10, 11, 13, 14, 15]"",""[930, 1195, 837, 1135, 664, 460]"",14575,12"
"13,""[51.204835289473515, 4.392182584317818]"",245217872,1200,1.38889,""[56, 57, 58, 59, 60, 61, 62, 63]"",""[293, 434, 611, 919, 167, 368, 313, 449]"",15682,13"
"14,""[51.09842318449321, 4.331062190530803]"",9595357673,1200,1.38889,""[11, 13, 15]"",""[1001, 1156, 1027]"",16773,14"
"15,""[51.181726342315685, 4.384924668591972]"",1585988838,1200,1.38889,""[6, 49, 50, 51, 52, 53, 54, 55]"",""[463, 1065, 1142, 677, 220, 430, 657, 768]"",17878,15"
"16,""[51.17493636859145, 4.412007118071524]"",264961524,1200,1.38889,""[44, 48, 49, 50]"",""[1188, 943, 994, 878]"",18988,16"
"17,""[51.16236220635558, 4.410738164703275]"",34094778,1200,1.38889,[46],[763],20100,17"
"18,""[51.14355252889624, 4.368179175113236]"",1156445652,1200,1.38889,""[3, 24, 25, 26, 29, 30, 31]"",""[774, 1042, 1053, 1004, 1112, 1008, 1046]"",21213,18"
"19,""[51.12580890357358, 4.389300879676158]"",299050734,1200,1.38889,""[2, 24, 27, 28]"",""[1106, 1152, 914, 600]"",22337,19"
"20,""[51.142804098831945, 4.375007846947523]"",765806254,1200,1.38889,""[3, 24, 25, 26, 27, 29, 30, 31]"",""[549, 817, 828, 779, 988, 887, 783, 821]"",23433,20"
"21,""[51.15196310241085, 4.392450676877284]"",251973943,1200,1.38889,""[3, 4, 31, 32, 33, 34, 35, 36, 37, 38, 39, 46, 47]"",""[1075, 1162, 1000, 484, 419, 338, 292, 56, 760, 459, 271, 1118, 1039]"",24563,21"
"22,""[51.16465277131356, 4.402933231428922]"",180289832,1200,1.38889,""[38, 40, 41, 42, 43, 44, 45, 46, 47]"",""[1121, 821, 734, 986, 671, 896, 1055, 232, 702]"",25653,22"
"23,""[51.214989820475395, 4.397829870139772]"",195585897,1200,1.38889,""[7, 56, 57, 58, 59, 60, 62]"",""[1195, 880, 495, 497, 609, 1072, 995]"",26793,23"
"24,""[51.15837029572777, 4.384544477720056]"",27363681,1200,1.38889,""[3, 4, 5, 32, 33, 34, 35, 36, 37, 38, 39, 40, 41, 42, 43, 45, 46, 47]"",""[1005, 710, 867, 684, 636, 468, 540, 750, 172, 677, 857, 802, 1095, 1002, 846, 828, 1077, 607]"",27888,24"
"25,""[51.15155490590085, 4.382830232812077]"",1156351255,1200,1.38889,""[3, 4, 31, 32, 33, 34, 35, 36, 37, 38, 39, 47]"",""[513, 601, 1198, 207, 380, 548, 631, 685, 698, 802, 457, 1121]"",29020,25"
"26,""[51.186703657168046, 4.379628861639362]"",338751681,1200,1.38889,""[6, 51, 52, 53, 54, 55]"",""[1047, 1030, 681, 489, 955, 1015]"",30122,26"
"27,""[51.186851864085504, 4.387079328997402]"",338777315,1200,1.38889,""[6, 49, 50, 51, 52, 53, 54, 55]"",""[211, 1004, 1080, 1012, 555, 602, 992, 1103]"",31214,27"
"28,""[51.17726873320045, 4.396016468947312]"",251343786,1200,1.38889,""[6, 41, 42, 44, 45, 48, 49, 50, 51, 52, 54]"",""[836, 980, 985, 733, 1154, 243, 48, 230, 992, 1156, 1160]"",32327,28"
"29,""[51.1014945971675, 4.3694879236448925]"",262220393,1200,1.38889,""[0, 1]"",""[1001, 1043]"",33443,29"
"30,""[51.20763543636028, 4.400609373914442]"",27467581,1200,1.38889,""[56, 57, 58, 59, 60, 61, 62, 63]"",""[652, 410, 601, 894, 572, 803, 492, 830]"",34544,30"
"31,""[51.18713401720678, 4.40536982500359]"",1455616643,1200,1.38889,""[6, 49, 50]"",""[961, 1090, 1030]"",35700,31"
"32,""[51.13074968877403, 4.364766878377035]"",246683214,1200,1.38889,""[2, 16, 17]"",""[941, 963, 1036]"",36775,32"
"33,""[51.122230866603545, 4.322554926337979]"",262313517,1200,1.38889,""[14, 20, 21, 22, 23]"",""[1007, 811, 954, 849, 976]"",37874,33"
"34,""[51.113423287269455, 4.325571765562587]"",738905313,1200,1.38889,""[8, 10, 11, 13, 14, 15]"",""[701, 966, 635, 906, 264, 382]"",38991,34"
"35,""[51.13418094501501, 4.332092266227171]"",253607742,1200,1.38889,""[19, 20, 21, 22, 23]"",""[1184, 1033, 890, 864, 738]"",40100,35"
"36,""[51.19461286547188, 4.395942870419422]"",415401760,1200,1.38889,[6],[953],41227,36"
"37,""[51.14434096980582, 4.3887687699764095]"",4988457758,1200,1.38889,""[3, 24, 25, 26, 29, 30, 31, 36, 39]"",""[905, 966, 470, 519, 755, 544, 90, 1146, 1195]"",42324,37"
"38,""[51.19280650639035, 4.3981364367749665]"",4634925913,1200,1.38889,""[6, 63]"",""[884, 1109]"",43431,38"
"39,""[51.15208623084544, 4.370377016880343]"",251981640,1200,1.38889,""[4, 32, 33]"",""[1192, 981, 1153]"",44540,39"
"40,""[51.15230464430064, 4.379155559077409]"",251979592,1200,1.38889,""[3, 4, 32, 33, 34, 35, 36, 37, 38, 39]"",""[859, 796, 584, 757, 925, 1008, 1062, 963, 1180, 834]"",45667,40"
"41,""[51.11738792704723, 4.360400089578199]"",656347280,1200,1.38889,""[1, 12, 16, 17]"",""[1016, 907, 581, 913]"",46783,41"
"42,""[51.188614049470765, 4.404683712490866]"",26020766,1200,1.38889,""[6, 50]"",""[1007, 1174]"",47887,42"
"43,""[51.2124768941655, 4.41414611111432]"",27468504,1200,1.38889,[7],[675],48991,43"
"44,""[51.213449702305795, 4.434394025959006]"",35681248,1200,1.38889,[7],[1179],50096,44"
"45,""[51.11721326997723, 4.319253631232061]"",262313763,1200,1.38889,""[8, 11, 14, 15]"",""[1036, 1018, 578, 785]"",51226,45"
"46,""[51.171926050684945, 4.371243926940883]"",306484501,1200,1.38889,""[5, 51, 55]"",""[1173, 1188, 1150]"",52327,46"
"47,""[51.22966511203388, 4.423448087632724]"",60244508,1200,1.38889,[7],[1049],53433,47"
"48,""[51.12143074921775, 4.318394815704194]"",262313699,1200,1.38889,[20],[1177],54544,48"
"49,""[51.10252106469683, 4.369300518561369]"",1945874741,1200,1.38889,""[0, 1]"",""[1075, 1116]"",55675,49"
"50,""[51.21868315175832, 4.422571641237473]"",248001492,1200,1.38889,[7],[370],56824,50"
"51,""[51.134957941757094, 4.328050709971441]"",253607684,1200,1.38889,""[20, 21, 22, 23]"",""[1160, 1016, 991, 864]"",57878,51"
"52,""[51.17884575806301, 4.36031375501968]"",2279681177,1200,1.38889,""[53, 54, 55]"",""[1043, 1089, 1038]"",58988,52"
"53,""[51.126603990260136, 4.386169255486102]"",299050574,1200,1.38889,""[2, 24, 27, 28]"",""[1082, 1131, 871, 467]"",60097,53"
"54,""[51.10898184257385, 4.375820933073174]"",294596074,1200,1.38889,""[1, 12]"",""[559, 1087]"",61208,54"
"55,""[51.17002648139336, 4.401039440411596]"",66153169,1200,1.38889,""[5, 40, 41, 42, 43, 44, 45, 46, 47, 48, 49, 50]"",""[927, 898, 588, 641, 890, 458, 763, 767, 1089, 747, 1033, 917]"",62343,55"
"56,""[51.16574265858295, 4.386183337246004]"",26114542,1200,1.38889,""[4, 5, 33, 34, 35, 36, 37, 38, 40, 41, 42, 43, 44, 45, 46, 47, 48, 51, 55]"",""[529, 304, 1053, 885, 957, 1167, 738, 1027, 267, 523, 431, 435, 677, 256, 823, 353, 1128, 1143, 1183]"",63429,56"
"57,""[51.17383276560562, 4.356863511474669]"",305781511,1200,1.38889,""[54, 55]"",""[1125, 1059]"",64551,57"
"58,""[51.21920002329843, 4.427445230708463]"",248054052,1200,1.38889,[7],[648],65653,58"
"59,""[51.16361786027741, 4.391045483009247]"",250550362,1200,1.38889,""[4, 5, 33, 34, 35, 36, 37, 38, 40, 41, 42, 43, 44, 45, 46, 47, 48]"",""[749, 604, 1048, 880, 952, 1162, 916, 853, 126, 393, 437, 63, 670, 440, 465, 185, 1103]"",66766,59"
"60,""[51.160917411142776, 4.393170059899917]"",250550370,1200,1.38889,""[4, 5, 32, 33, 34, 35, 36, 37, 38, 39, 40, 41, 42, 43, 44, 45, 46, 47]"",""[974, 984, 1001, 829, 660, 673, 864, 1071, 521, 1050, 529, 569, 753, 379, 906, 820, 373, 410]"",67911,60"
"61,""[51.229553319183744, 4.410180295138761]"",203391448,1200,1.38889,[7],[1009],68995,61"
"62,""[51.13248146749436, 4.401677299548176]"",130758467,1200,1.38889,""[27, 28]"",""[1137, 997]"",70112,62"
"63,""[51.116190988085506, 4.3740960008610585]"",294596119,1200,1.38889,""[1, 2]"",""[430, 1085]"",71211,63"
"64,""[51.2097599488401, 4.406952553995522]"",27466120,1200,1.38889,""[7, 56, 57, 58, 59, 60, 61, 62, 63]"",""[962, 1051, 770, 919, 1106, 918, 1097, 786, 1117]"",72382,64"
"65,""[51.21684035388454, 4.422032104485289]"",247670339,1200,1.38889,[7],[542],73435,65"
"66,""[51.10508617221452, 4.33006633658129]"",1858449770,1200,1.38889,""[8, 10, 11, 13, 14, 15]"",""[775, 1148, 542, 840, 837, 555]"",74539,66"
"67,""[51.2257539794556, 4.399312859270357]"",7384808194,1200,1.38889,[7],[1053],75663,67"
"68,""[51.11617303606079, 4.349101775159715]"",1620151234,1200,1.38889,""[12, 18, 19, 21]"",""[973, 908, 885, 1079]"",76766,68"
"69,""[51.22546704470618, 4.424063308719491]"",60265032,1200,1.38889,[7],[830],77906,69"
"70,""[51.13026304411962, 4.341897908549224]"",253514024,1200,1.38889,""[17, 18, 19, 20, 21, 22, 23]"",""[1050, 685, 642, 685, 542, 671, 615]"",79038,70"
"71,""[51.09942345564036, 4.363149292541174]"",247267433,1200,1.38889,[0],[1105],80095,71"
"72,""[51.151671660941105, 4.395328800291924]"",34675856,1200,1.38889,""[3, 4, 25, 26, 31, 32, 33, 34, 35, 36, 37, 38, 39, 46, 47]"",""[1098, 1185, 1125, 1174, 811, 507, 535, 527, 459, 245, 949, 452, 294, 1109, 1125]"",81230,72"
"73,""[51.212476731393394, 4.401246310330473]"",248570640,1200,1.38889,""[7, 56, 57, 58, 59, 60, 61, 62, 63]"",""[1123, 850, 465, 514, 689, 874, 1108, 796, 1134]"",82318,73"
"74,""[51.17335546014906, 4.371410575039727]"",1544006097,1200,1.38889,""[51, 52, 53, 54, 55]"",""[756, 927, 1044, 610, 544]"",83432,74"
"75,""[51.22621315697946, 4.43068999573443]"",60261457,1200,1.38889,[7],[1114],84545,75"
"76,""[51.17947963043188, 4.408006427559267]"",35210185,1200,1.38889,""[48, 49, 50]"",""[760, 682, 500]"",85661,76"
"77,""[51.120362138692094, 4.362295156064073]"",2465842359,1200,1.38889,""[2, 12, 16, 17]"",""[1152, 1095, 392, 887]"",86762,77"
"78,""[51.19093741857267, 4.3915013680080595]"",252814404,1200,1.38889,""[6, 52, 53]"",""[554, 1113, 1115]"",87888,78"
"79,""[51.176524874250866, 4.392321036710367]"",243493231,1200,1.38889,""[5, 6, 41, 42, 43, 44, 45, 48, 49, 50, 51, 52, 53, 54, 55]"",""[968, 904, 895, 892, 1197, 648, 909, 409, 332, 514, 709, 872, 1001, 877, 921]"",88981,79"
"80,""[51.12015075388717, 4.370665041872967]"",3702958744,1200,1.38889,""[1, 2, 16]"",""[868, 1064, 795]"",90105,80"
"81,""[51.14777018804495, 4.402499005365904]"",8946981534,1200,1.38889,[46],[1157],91202,81"
"82,""[51.218143223979396, 4.403855628148244]"",27307044,1200,1.38889,""[7, 57, 58, 59]"",""[730, 951, 980, 1095]"",92313,82"
"83,""[51.132374151085735, 4.389915786476857]"",1486140347,1200,1.38889,""[24, 25, 26, 27, 28, 29, 30]"",""[649, 1038, 989, 410, 235, 759, 1124]"",93453,83"
"84,""[51.11748024395424, 4.331262538182054]"",643193800,1200,1.38889,""[8, 10, 11, 13, 14, 15, 19, 20, 21, 22, 23]"",""[910, 1083, 971, 1105, 634, 977, 1199, 762, 905, 866, 993]"",94556,84"
"85,""[51.10756281497626, 4.340395091942078]"",298683485,1200,1.38889,""[8, 9, 10, 11, 12, 13, 14, 15]"",""[419, 512, 546, 508, 927, 211, 894, 886]"",95680,85"
"86,""[51.13246343802348, 4.4063134595580165]"",38265201,1200,1.38889,""[27, 28]"",""[1137, 997]"",96813,86"
"87,""[51.17760380822826, 4.41040162348013]"",26237770,1200,1.38889,""[48, 49, 50]"",""[1000, 951, 769]"",97873,87"
"88,""[51.130494042473615, 4.361426132463388]"",247683431,1200,1.38889,""[16, 17, 18]"",""[1120, 756, 1121]"",99001,88"
"89,""[51.17304859942941, 4.376859375570832]"",266878556,1200,1.38889,""[5, 42, 45, 51, 52, 53, 54, 55]"",""[998, 1181, 1068, 409, 825, 954, 438, 408]"",100097,89"
"90,""[51.11820279541739, 4.3384163003006195]"",262193866,1200,1.38889,""[8, 9, 10, 11, 13, 14, 18, 19, 20, 21, 22, 23]"",""[829, 867, 616, 1062, 812, 966, 991, 948, 510, 653, 945, 1072]"",101224,90"
"91,""[51.174516260787364, 4.359588058413386]"",445825909,1200,1.38889,""[51, 54, 55]"",""[1189, 1043, 977]"",102312,91"
"92,""[51.1723205921216, 4.364077253575587]"",478159592,1200,1.38889,""[51, 54, 55]"",""[1061, 915, 849]"",103426,92"
"93,""[51.08430739241435, 4.354519663028137]"",1560608799,1200,1.38889,[0],[963],104543,93"
"94,""[51.12966305602486, 4.394073328523364]"",299053374,1200,1.38889,""[24, 27, 28, 29]"",""[1009, 771, 548, 1015]"",105670,94"
"95,""[51.13907850055901, 4.3420269254440145]"",253607531,1200,1.38889,[23],[1094],106756,95"
"96,""[51.106272877293016, 4.3634919615696415]"",247269235,1200,1.38889,[1],[892],107905,96"
"97,""[51.14757717798873, 4.409075832811631]"",243493170,1200,1.38889,[31],[964],108981,97"
"98,""[51.11918823444659, 4.322695030114951]"",298753323,1200,1.38889,""[8, 11, 14, 15, 20, 22]"",""[1118, 1100, 660, 867, 1141, 1180]"",110139,98"
"99,""[51.18271782599967, 4.370551220971969]"",251038612,1200,1.38889,""[6, 51, 52, 53, 54, 55]"",""[1085, 795, 682, 426, 699, 690]"",111207,99"
